{
    "IBIO": {
        "plan_path": "PruebaPlanEstudioIBIO.JSON",
        "estudiantes_path": "PruebaBasedeDatosEstudiantesIBIO.JSON",
        "secretaria": {
            "nombre": "Jessica",
            "apellido": "Arocena",
            "codigo": "IBIOSEC"
        },
        "coordinadora": {
            "nombre": "Ella",
            "apellido": "Escandón",
            "codigo": "IBIOCOOR"
        }
    },
    "IMEC": {
        "plan_path": "PruebaPlanEstudioIMEC.JSON",
        "estudiantes_path": "PruebaBasedeDatosEstudiantesIMEC.JSON",
        "secretaria": {
            "nombre": "Noelia",
            "apellido": "Lopez",
            "codigo": "IMECSEC"
        },
        "coordinadora": {
            "nombre": "Yamilé",
            "apellido": "Lara",
            "codigo": "IMECCOOR"
        }
    },
    "ILOG": {
        "plan_path": "PruebaPlanEstudioILOG.JSON",
        "estudiantes_path": "PruebaBasedeDatosEstudiantesILOG.JSON",
        "secretaria": {
            "nombre": "Jessica",
            "apellido": "Arocena",
            "codigo": "ILOGSEC"
        },
        "coordinadora": {
            "nombre": "Nolan",
            "apellido": "Sánchez",
            "codigo": "ILOGCOOR"
        }
    }
}