[
    {
        "Código": "S1UC1",
        "Nombre": "Álgebra, Análisis y Geometría Analítica",
        "Semestre": 1,
        "Créditos": 8,
        "Previaturas": {}
    },
    {
        "Código": "S1UC2",
        "Nombre": "Mecánica, Ondas y Calor",
        "Semestre": 1,
        "Créditos": 10,
        "Previaturas": {}
    },
    {
        "Código": "S1UC3",
        "Nombre": "Química General e Inorgánica",
        "Semestre": 1,
        "Créditos": 9,
        "Previaturas": {}
    },
    {
        "Código": "S1UC4",
        "Nombre": "Taller Inicial de Tecnologías (Anual)",
        "Semestre": 1,
        "Créditos": 0,
        "Previaturas": {}
    },
    {
        "Código": "S1UC5",
        "Nombre": "Salud & Sociedad",
        "Semestre": 1,
        "Créditos": 8,
        "Previaturas": {}
    },
    {
        "Código": "S2UC1",
        "Nombre": "Números Complejos y Ecuaciones Diferenciales",
        "Semestre": 2,
        "Créditos": 8,
        "Previaturas": {
            "S1UC1": "Álgebra, Análisis y Geometría Analítica"
        }
    },
    {
        "Código": "S2UC2",
        "Nombre": "Electricidad y Magnetismo",
        "Semestre": 2,
        "Créditos": 10,
        "Previaturas": {
            "S1UC1": "Álgebra, Análisis y Geometría Analítica",
            "S1UC2": "Mecánica, Ondas y Calor"
        }
    },
    {
        "Código": "S2UC3",
        "Nombre": "Química Orgánica y Biológica",
        "Semestre": 2,
        "Créditos": 9,
        "Previaturas": {
            "S1UC3": "Química General e Inorgánica"
        }
    },
    {
        "Código": "S2UC4",
        "Nombre": "Anatomía y Fisiología Humanas",
        "Semestre": 2,
        "Créditos": 10,
        "Previaturas": {
            "S1UC5": "Salud & Sociedad",
            "S1UC2": "Mecánica, Ondas y Calor"
        }
    },
    {
        "Código": "S3UC1",
        "Nombre": "Óptica y Radiaciones",
        "Semestre": 3,
        "Créditos": 10,
        "Previaturas": {
            "S1UC1": "Álgebra, Análisis y Geometría Analítica",
            "S1UC2": "Mecánica, Ondas y Calor"
        }
    },
    {
        "Código": "S3UC2",
        "Nombre": "Electrónica Analógica",
        "Semestre": 3,
        "Créditos": 10,
        "Previaturas": {
            "S2UC1": "Números Complejos y Ecuaciones Diferenciales",
            "S2UC2": "Electricidad y Magnetismo",
            "S1UC4": "Taller Inicial de Tecnologías "
        }
    },
    {
        "Código": "S3UC3",
        "Nombre": "Electrotecnia",
        "Semestre": 3,
        "Créditos": 9,
        "Previaturas": {
            "S2UC1": "Números Complejos y Ecuaciones Diferenciales",
            "S2UC2": "Electricidad y Magnetismo"
        }
    },
    {
        "Código": "S3UC4",
        "Nombre": "Instalaciones Hospitalarias",
        "Semestre": 3,
        "Créditos": 9,
        "Previaturas": {
            "S1UC3": "Química General e Inorgánica",
            "S2UC2": "Electricidad y Magnetismo"
        }
    },
    {
        "Código": "S3UC5",
        "Nombre": "Programación de Computadoras",
        "Semestre": 3,
        "Créditos": 8,
        "Previaturas": {
            "S1UC1": "Álgebra, Análisis y Geometría Analítica"
        }
    },
    {
        "Código": "S4UC1",
        "Nombre": "Electrofisiología Clínica",
        "Semestre": 4,
        "Créditos": 10,
        "Previaturas": {
            "S2UC4": "Anatomía y Fisiología Humanas",
            "S3UC2": "Electrónica Analógica"
        }
    },
    {
        "Código": "S4UC2",
        "Nombre": "Electrónica Digital",
        "Semestre": 4,
        "Créditos": 10,
        "Previaturas": {
            "S3UC2": "Electrónica Analógica"
        }
    },
    {
        "Código": "S4UC3",
        "Nombre": "Mecánica, Máquinas y Materiales",
        "Semestre": 4,
        "Créditos": 9,
        "Previaturas": {
            "S1UC1": "Álgebra, Análisis y Geometría Analítica",
            "S1UC2": "Mecánica, Ondas y Calor"
        }
    },
    {
        "Código": "S4UC4",
        "Nombre": "Imágenes Médicas",
        "Semestre": 4,
        "Créditos": 10,
        "Previaturas": {
            "S2UC4": "Anatomía y Fisiología Humanas",
            "S3UC1": "Óptica y Radiaciones"
        }
    },
    {
        "Código": "S4UC5",
        "Nombre": "Práctica Profesional Curricular A (PPC A) - Internado Rotatorio - anual",
        "Semestre": 4,
        "Créditos": 0,
        "Previaturas": {
            "S1UC1": "Álgebra, Análisis y Geometría Analítica",
            "S1UC2": "Mecánica, Ondas y Calor",
            "S1UC3": "Química General e Inorgánica",
            "S1UC4": "Taller Inicial de Tecnologías (Anual)",
            "S1UC5": "Salud & Sociedad",
            "S2UC1": "Números Complejos y Ecuaciones Diferenciales",
            "S2UC2": "Electricidad y Magnetismo",
            "S2UC3": "Química Orgánica y Biológica",
            "S3UC1": "Óptica y Radiaciones",
            "S3UC2": "Electrónica Analógica",
            "S3UC3": "Electrotecnia",
            "S3UC4": "Instalaciones Hospitalarias",
            "S3UC5": "Programación de Computadoras"
        }
    },
    {
        "Código": "S5UC1",
        "Nombre": "Seguridad Eléctrica y Radiante",
        "Semestre": 5,
        "Créditos": 10,
        "Previaturas": {
            "S3UC3": "Electrotecnia",
            "S3UC4": "Instalaciones Hospitalarias",
            "S4UC1": "Electrofisiología Clínica",
            "S4UC4": "Imágenes Médicas"
        }
    },
    {
        "Código": "S5UC2",
        "Nombre": "Normativa sobre Equipamiento Médico",
        "Semestre": 5,
        "Créditos": 8,
        "Previaturas": {
            "S3UC3": "Electrotecnia",
            "S3UC4": "Instalaciones Hospitalarias",
            "S4UC1": "Electrofisiología Clínica",
            "S4UC4": "Imágenes Médicas"
        }
    },
    {
        "Código": "S5UC3",
        "Nombre": "Taller de Mantenimiento de Equipos Médicos",
        "Semestre": 5,
        "Créditos": 10,
        "Previaturas": {
            "S3UC3": "Electrotecnia",
            "S3UC4": "Instalaciones Hospitalarias",
            "S4UC1": "Electrofisiología Clínica",
            "S4UC3": "Mecánica, Máquinas y Materiales",
            "S4UC4": "Imágenes Médicas"
        }
    },
    {
        "Código": "S5UC4",
        "Nombre": "Matemática Avanzada I",
        "Semestre": 5,
        "Créditos": 9,
        "Previaturas": {
            "S2UC1": "Números Complejos y Ecuaciones Diferenciales",
            "S3UC5": "Programación de Computadoras"
        }
    },
    {
        "Código": "S6UC1",
        "Nombre": "Instrumental de Laboratorio Clínico",
        "Semestre": 6,
        "Créditos": 9,
        "Previaturas": {
            "S2UC3": "Química Orgánica y Biológica",
            "S3UC4": "Instalaciones Hospitalarias"
        }
    },
    {
        "Código": "S6UC2",
        "Nombre": "Informatica Médica",
        "Semestre": 6,
        "Créditos": 8,
        "Previaturas": {
            "S3UC5": "Programación de Computadoras",
            "S4UC1": "Electrofisiología Clínica",
            "S4UC4": "Imágenes Médicas"
        }
    },
    {
        "Código": "S6UC3",
        "Nombre": "Instrumentación Médica Complementaria",
        "Semestre": 6,
        "Créditos": 10,
        "Previaturas": {
            "S3UC3": "Electrotecnia",
            "S3UC4": "Instalaciones Hospitalarias",
            "S4UC1": "Electrofisiología Clínica",
            "S4UC4": "Imágenes Médicas"
        }
    },
    {
        "Código": "S6UC4",
        "Nombre": "Matemática Avanzada II",
        "Semestre": 6,
        "Créditos": 9,
        "Previaturas": {
            "S5UC4": "Matemática Avanzada I"
        }
    },
    {
        "Código": "S6UC5",
        "Nombre": "Física Avanzada",
        "Semestre": 6,
        "Créditos": 8,
        "Previaturas": {
            "S3UC1": "Óptica y Radiaciones",
            "S3UC3": "Electrotecnia"
        }
    },
    {
        "Código": "S6UC6",
        "Nombre": "Proyecto Final de Titulación (PFT T)",
        "Semestre": 6,
        "Créditos": 8,
        "Previaturas": {
            "S1UC1": "Álgebra, Análisis y Geometría Analítica",
            "S1UC2": "Mecánica, Ondas y Calor",
            "S1UC3": "Química General e Inorgánica",
            "S1UC4": "Taller Inicial de Tecnologías (Anual)",
            "S1UC5": "Salud & Sociedad",
            "S2UC1": "Números Complejos y Ecuaciones Diferenciales",
            "S2UC2": "Electricidad y Magnetismo",
            "S2UC3": "Química Orgánica y Biológica",
            "S3UC1": "Óptica y Radiaciones",
            "S3UC2": "Electrónica Analógica",
            "S3UC3": "Electrotecnia",
            "S3UC4": "Instalaciones Hospitalarias",
            "S3UC5": "Programación de Computadoras",
            "S4UC1": "Electrofisiología Clínica",
            "S4UC2": "Electrónica Digital",
            "S4UC3": "Mecánica, Máquinas y Materiales",
            "S4UC4": "Imágenes Médicas",
            "S4UC5": "Práctica Profesional Curricular A (PPC A) - Internado Rotatorio - anual",
            "S5UC1": "Seguridad Eléctrica y Radiante",
            "S5UC2": "Normativa sobre Equipamiento Médico",
            "S5UC3": "Taller de Mantenimiento de Equipos Médicos",
            "S5UC4": "Matemática Avanzada I",
            "S6UC1":"Instrumental de Laboratorio Clínico",
            "S6UC2":"Informatica Médica",
            "S6UC3":"Instrumentación Médica Complementaria"

        }
    },
    {
        "Código": "S7UC1",
        "Nombre": "Fisiopatología",
        "Semestre": 7,
        "Créditos": 9,
        "Previaturas": {
            "S6UC1": "Instrumental de Laboratorio Clínico",
            "S6UC3": "Instrumentación Médica Complementaria"
        }
    },
    {
        "Código": "S7UC2",
        "Nombre": "Radiaciones No-ionizantes",
        "Semestre": 7,
        "Créditos": 7,
        "Previaturas": {
            "S5UC4": "Matemática Avanzada I",
            "S6UC5": "Física Avanzada"
        }
    },
    {
        "Código": "S7UC3",
        "Nombre": "Programación Digital Avanzada",
        "Semestre": 7,
        "Créditos": 7,
        "Previaturas": {
            "S5UC4": "Matemática Avanzada I",
            "S6UC2": "Informatica Médica"
        }
    },
    {
        "Código": "S7UC4",
        "Nombre": "Legislación para la Salud",
        "Semestre": 7,
        "Créditos": 5,
        "Previaturas": {
            "S5UC2": "Normativa sobre Equipamiento Médico",
            "S6UC1": "Instrumental de Laboratorio Clínico",
            "S6UC2":"Informatica Médica",
            "S6UC3": "Instrumentación Médica Complementaria"
        }
    },
    {
        "Código": "S7UC5",
        "Nombre": "Economía para la Salud",
        "Semestre": 7,
        "Créditos": 5,
        "Previaturas": {
            "S5UC3": "Taller de Mantenimiento de Equipos Médicos",
            "S6UC1": "Instrumental de Laboratorio Clínico",
            "S6UC3": "Instrumentación Médica Complementaria"
        }
    },
    {
        "Código": "S8UC1",
        "Nombre": "Bioestadística",
        "Semestre": 8,
        "Créditos": 7,
        "Previaturas": {
            "S6UC2": "Informatica Médica"
        }
    },
    {
        "Código": "S8UC2",
        "Nombre": "Señales y Sistemas",
        "Semestre": 8,
        "Créditos": 8,
        "Previaturas": {
            "S4UC1": "Electrofisiología Clínica",
            "S4UC2": "Electrónica Digital",
            "S6UC4": "Matemática Avanzada II"
        }
    },
    {
        "Código": "S8UC3",
        "Nombre": "Biomecánica y Biomateriales",
        "Semestre": 8,
        "Créditos": 7,
        "Previaturas": {
            "S2UC4":"Anatomía y Fisiología Humanas",
            "S4UC3": "Mecánica, Máquinas y Materiales"
        }
    },
    {
        "Código": "S8UC4",
        "Nombre": "Metodología de la Investigación",
        "Semestre": 8,
        "Créditos": 5,
        "Previaturas": {
            "S6UC5": "Física Avanzada",
            "S7UC1": "Fisiopatología"
        }
    },
    {
        "Código": "S8UC5",
        "Nombre": "Higiene y Seguridad en Ambientes Hospitalarios",
        "Semestre": 8,
        "Créditos": 5,
        "Previaturas": {
            "S7UC1": "Fisiopatología",
            "S7UC4": "Legislación para la Salud"
        }
    },
    {
        "Código": "S9UC1",
        "Nombre": "Radioterapia",
        "Semestre": 9,
        "Créditos": 7,
        "Previaturas": {
            "S5UC1": "Seguridad Eléctrica y Radiante",
            "S6UC5": "Física Avanzada",
            "S7UC1": "Fisiopatología"
        }
    },
    {
        "Código": "S9UC2",
        "Nombre": "Gestión de Sistemas de Salud",
        "Semestre": 9,
        "Créditos": 9,
        "Previaturas": {
            "S7UC1": "Fisiopatología",
            "S7UC4": "Legislación para la Salud",
            "S7UC5": "Economía para la Salud",
            "S8UC1": "Bioestadística"
        }
    },
    {
        "Código": "S9UC3",
        "Nombre": "Investigación Clínica y Bioética",
        "Semestre": 9,
        "Créditos": 5,
        "Previaturas": {
            "S8UC4": "Metodología de la Investigación",
            "S8UC1": "Bioestadística",
            "S8UC5": "Higiene y Seguridad en Ambientes Hospitalarios"
        }
    },
    {
        "Código": "S9UC4",
        "Nombre": "UC Electiva 1",
        "Semestre": 9,
        "Créditos": 4,
        "Previaturas": {}
    },
    {
        "Código": "S9UC5",
        "Nombre": "UC Electiva 2",
        "Semestre": 9,
        "Créditos": 4,
        "Previaturas": {}
    },
    {
        "Código": "S9UC6",
        "Nombre": "Práctica Profesional Curricular B (PPC B)",
        "Semestre": 9,
        "Créditos": 6,
        "Previaturas": {
            "S1UC1": "Álgebra, Análisis y Geometría Analítica",
            "S1UC2": "Mecánica, Ondas y Calor",
            "S1UC3": "Química General e Inorgánica",
            "S1UC4": "Taller Inicial de Tecnologías (Anual)",
            "S1UC5": "Salud & Sociedad",
            "S2UC1": "Números Complejos y Ecuaciones Diferenciales",
            "S2UC2": "Electricidad y Magnetismo",
            "S2UC3": "Química Orgánica y Biológica",
            "S3UC1": "Óptica y Radiaciones",
            "S3UC2": "Electrónica Analógica",
            "S3UC3": "Electrotecnia",
            "S3UC4": "Instalaciones Hospitalarias",
            "S3UC5": "Programación de Computadoras",
            "S4UC1": "Electrofisiología Clínica",
            "S4UC2": "Electrónica Digital",
            "S4UC3": "Mecánica, Máquinas y Materiales",
            "S4UC4": "Imágenes Médicas",
            "S4UC5": "Práctica Profesional Curricular A (PPC A) - Internado Rotatorio - anual",
            "S5UC1": "Seguridad Eléctrica y Radiante",
            "S5UC2": "Normativa sobre Equipamiento Médico",
            "S5UC3": "Taller de Mantenimiento de Equipos Médicos",
            "S5UC4": "Matemática Avanzada I",
            "S6UC1":"Instrumental de Laboratorio Clínico",
            "S6UC2":"Informatica Médica",
            "S6UC3":"Instrumentación Médica Complementaria",
            "S6UC4":"Matemática Avanzada II",
            "S6UC5":"Física Avanzada",
            "S6UC6":"Proyecto Final de Titulación (PFT T)",
            "S7UC1":"Fisiopatología",
            "S7UC2":"Radiaciones No-ionizantes",
            "S7UC3":"Programación Digital Avanzada",
            "S7UC4":"Legislación para la Salud",
            "S7UC5":"Economía para la Salud",
            "S8UC1":"Bioestadística",
            "S8UC2":"Señales y Sistemas",
            "S8UC3":"Biomecánica y Biomateriales",
            "S8UC4":"Metodología de la Investigación",
            "S8UC5":"Higiene y Seguridad en Ambientes Hospitalarios",
            "S9UC1":"Radioterapia",
            "S9UC2":"Gestión de Sistemas de Salud",
            "S9UC3":"Investigación Clínica y Bioética"
        }
    },
    {
        "Código": "S10UC1",
        "Nombre": "Telesalud y Telemedicina",
        "Semestre": 10,
        "Créditos": 8,
        "Previaturas": {
            "S9UC2": "Gestión de Sistemas de Salud"
        }
    },
    {
        "Código": "S10UC2",
        "Nombre": "UC Electiva 3",
        "Semestre": 10,
        "Créditos": 4,
        "Previaturas": {}
    },
    {
        "Código": "S10UC3",
        "Nombre": "UC Electiva 4",
        "Semestre": 10,
        "Créditos": 4,
        "Previaturas": {}
    },
    {
        "Código": "S10UC4",
        "Nombre": "Proyecto Final de Titulación (PFT I)",
        "Semestre": 10,
        "Créditos": 8,
        "Previaturas": {
            "S1UC1": "Álgebra, Análisis y Geometría Analítica",
            "S1UC2": "Mecánica, Ondas y Calor",
            "S1UC3": "Química General e Inorgánica",
            "S1UC4": "Taller Inicial de Tecnologías (Anual)",
            "S1UC5": "Salud & Sociedad",
            "S2UC1": "Números Complejos y Ecuaciones Diferenciales",
            "S2UC2": "Electricidad y Magnetismo",
            "S2UC3": "Química Orgánica y Biológica",
            "S2UC4": "Taller Inicial de Tecnologías (Anual)",
            "S3UC1": "Óptica y Radiaciones",
            "S3UC2": "Electrónica Analógica",
            "S3UC3": "Electrotecnia",
            "S3UC4": "Instalaciones Hospitalarias",
            "S3UC5": "Programación de Computadoras",
            "S4UC1": "Electrofisiología Clínica",
            "S4UC2": "Electrónica Digital",
            "S4UC3": "Mecánica, Máquinas y Materiales",
            "S4UC4": "Imágenes Médicas",
            "S4UC5": "Práctica Profesional Curricular A (PPC A) - Internado Rotatorio - anual",
            "S5UC1": "Seguridad Eléctrica y Radiante",
            "S5UC2": "Normativa sobre Equipamiento Médico",
            "S5UC3": "Taller de Mantenimiento de Equipos Médicos",
            "S5UC4": "Matemática Avanzada I",
            "S6UC1": "Instrumental de Laboratorio Clínico",
            "S6UC2": "Informatica Médica",
            "S6UC3": "Instrumentación Médica Complementaria",
            "S6UC4": "Matemática Avanzada II",
            "S6UC5": "Física Avanzada",
            "S6UC6": "Proyecto Final de Titulación (PFT I)",
            "S7UC1": "Fisiopatología",
            "S7UC2": "Radiaciones No-ionizantes",
            "S7UC3": "Programación Digital Avanzada",
            "S7UC4": "Legislación para la Salud",
            "S7UC5": "Economía para la Salud",
            "S8UC1": "Bioestadística",
            "S8UC2": "Señales y Sistemas",
            "S8UC3": "Biomecánica y Biomateriales",
            "S8UC4": "Metodología de la Investigación",
            "S8UC5": "Higiene y Seguridad en Ambientes Hospitalarios",
            "S9UC1": "Radioterapia",
            "S9UC2": "Gestión de Sistemas de Salud",
            "S9UC3": "Investigación Clínica y Bioética",
            "S9UC4": "UC Electiva 1",
            "S9UC5": "UC Electiva 2",
            "S9UC6": "Práctica Profesional Curricular B (PPC B)",
            "S10UC1": "Telesalud y Telemedicina",
            "S10UC2": "UC Electiva 3"
        }
    }
]
