[
    {
        "codigo_estudiante": "E001",
        "nombre": "Carlos",
        "apellido": "Pérez",
        "cedula": 12345678,
        "ingreso": 2023,
        "uc_aprobadas": [
            "S1UC1",
            "S1UC2",
            "S1UC3",
            "S1UC4",
            "S1UC5",
            "S2UC1",
            "S2UC2",
            "S2UC4",
            "S3UC1"
        ],
        "uc_matriculadas": [
            "S3UC2",
            "S3UC4"
        ],
        "uc_pendientes": {
            "examen": {},
            "tutoria": {
                "S3UC2": 0
            },
            "examen_unico": {
                "S3UC4": 0
            },
            "recursar": [
                "S3UC5"
            ]
        }
    },
    {
        "codigo_estudiante": "E002",
        "nombre": "María",
        "apellido": "González",
        "cedula": 23456789,
        "ingreso": 2022,
        "uc_aprobadas": [
            "S1UC1",
            "S1UC2",
            "S1UC3",
            "S1UC4",
            "S1UC5",
            "S2UC1",
            "S2UC2",
            "S2UC3",
            "S2UC4",
            "S3UC1",
            "S3UC2",
            "S3UC3",
            "S3UC4",
            "S3UC5",
            "S4UC1",
            "S4UC2",
            "S4UC4",
            "S4UC5",
            "S5UC1",
            "S5UC3"
        ],
        "uc_matriculadas": [
            "S5UC2",
            "S5UC4",
            "S6UC1",
            "S6UC2",
            "S6UC3"
        ],
        "uc_pendientes": {
            "examen": {
                "S5UC2": 0
            },
            "tutoria": {
                "S5UC4": 0
            },
            "examen_unico": {},
            "recursar": []
        }
    },
    {
        "codigo_estudiante": "E003",
        "nombre": "Juan",
        "apellido": "Martínez",
        "cedula": 34567890,
        "ingreso": 2022,
        "uc_aprobadas": [
            "S1UC1",
            "S1UC2",
            "S1UC3",
            "S1UC4",
            "S1UC5",
            "S2UC1",
            "S2UC2",
            "S2UC3",
            "S2UC4",
            "S3UC1",
            "S3UC2",
            "S3UC3",
            "S3UC4",
            "S3UC5",
            "S4UC1",
            "S4UC2",
            "S4UC4",
            "S4UC5",
            "S5UC1",
            "S5UC3",
            "S5UC2",
            "S5UC4",
            "S6UC1",
            "S6UC2",
            "S6UC3",
            "S6UC4"
        ],
        "uc_matriculadas": [
            "S6UC5",
            "S7UC1",
            "S7UC2",
            "S7UC3"
        ],
        "uc_pendientes": {
            "examen": {},
            "tutoria": {
                "S6UC5": 0
            },
            "examen_unico": {},
            "recursar": []
        }
    },
    {
        "codigo_estudiante": "E004",
        "nombre": "Ana",
        "apellido": "Ramírez",
        "cedula": 45678901,
        "ingreso": 2022,
        "uc_aprobadas": [
            "S1UC1",
            "S1UC2",
            "S1UC3",
            "S1UC4",
            "S1UC5",
            "S2UC1",
            "S2UC2",
            "S2UC3",
            "S2UC4",
            "S3UC1",
            "S3UC2",
            "S3UC3",
            "S3UC4",
            "S3UC5",
            "S4UC1",
            "S4UC2",
            "S4UC4",
            "S4UC5",
            "S5UC1",
            "S5UC3",
            "S5UC2",
            "S5UC4",
            "S6UC1",
            "S6UC2",
            "S6UC3",
            "S6UC4"
        ],
        "uc_matriculadas": [
            "S6UC5",
            "S7UC1",
            "S7UC2",
            "S7UC4",
            "S7UC5"
        ],
        "uc_pendientes": {
            "examen": {
                "S6UC5": 0,
                "S7UC1": 0,
                "S7UC2": 0,
                "S7UC4": 0
            },
            "tutoria": {},
            "examen_unico": {
                "S7UC2": 0,
                "S7UC5": 0
            },
            "recursar": []
        }
    },
    {
        "codigo_estudiante": "E005",
        "nombre": "Luis",
        "apellido": "Hernández",
        "cedula": 56789012,
        "ingreso": 2022,
        "uc_aprobadas": [
            "S1UC1",
            "S1UC2",
            "S1UC3",
            "S1UC4",
            "S2UC4"
        ],
        "uc_matriculadas": [
            "S1UC5",
            "S2UC1",
            "S2UC2",
            "S2UC3"
        ],
        "uc_pendientes": {
            "examen": {
                "S1UC5": 0,
                "S2UC1": 0,
                "S2UC3": 0
            },
            "tutoria": {
                "S2UC2": 0
            },
            "examen_unico": {},
            "recursar": []
        }
    },
    {
        "codigo_estudiante": "E006",
        "nombre": "Sofía",
        "apellido": "López",
        "cedula": 67890123,
        "ingreso": 2021,
        "uc_aprobadas": [
            "S1UC1",
            "S1UC2",
            "S1UC3",
            "S2UC1",
            "S3UC2"
        ],
        "uc_matriculadas": [
            "S1UC4",
            "S1UC5",
            "S2UC3"
        ],
        "uc_pendientes": {
            "examen": {},
            "tutoria": {
                "S1UC4": 0,
                "S1UC5": 0
            },
            "examen_unico": {
                "S2UC3": 0
            },
            "recursar": []
        }
    },
    {
        "codigo_estudiante": "E007",
        "nombre": "Diego",
        "apellido": "Sánchez",
        "cedula": 78901234,
        "ingreso": 2021,
        "uc_aprobadas": [
            "S1UC1",
            "S1UC2",
            "S1UC3",
            "S1UC4",
            "S1UC5",
            "S2UC1",
            "S2UC2",
            "S2UC3",
            "S2UC4",
            "S3UC1",
            "S3UC2",
            "S3UC3",
            "S3UC4",
            "S3UC5",
            "S4UC1",
            "S4UC2",
            "S4UC4",
            "S4UC5",
            "S5UC1",
            "S5UC3",
            "S5UC2",
            "S5UC4",
            "S6UC1",
            "S6UC2",
            "S6UC3",
            "S6UC5"
        ],
        "uc_matriculadas": [
            "S6UC4",
            "S7UC1",
            "S7UC2",
            "S7UC3",
            "S7UC5"
        ],
        "uc_pendientes": {
            "examen": {
                "S6UC4": 0
            },
            "tutoria": {},
            "examen_unico": {},
            "recursar": []
        }
    },
    {
        "codigo_estudiante": "E008",
        "nombre": "Valentina",
        "apellido": "Gómez",
        "cedula": 89012345,
        "ingreso": 2021,
        "uc_aprobadas": [
            "S1UC1",
            "S1UC2",
            "S1UC3",
            "S1UC4",
            "S1UC5",
            "S2UC1",
            "S2UC2",
            "S2UC3",
            "S2UC4",
            "S3UC1",
            "S3UC2",
            "S3UC3",
            "S3UC4",
            "S3UC5",
            "S4UC1",
            "S4UC2",
            "S4UC4",
            "S4UC5",
            "S5UC1",
            "S5UC3",
            "S5UC2",
            "S5UC4"
        ],
        "uc_matriculadas": [
            "S6UC1",
            "S6UC3",
            "S6UC5",
            "S6UC2",
            "S6UC4"
        ],
        "uc_pendientes": {
            "examen": {
                "S6UC1": 0,
                "S6UC5": 0,
                "S6UC3": 0
            },
            "tutoria": {},
            "examen_unico": {},
            "recursar": []
        }
    },
    {
        "codigo_estudiante": "E009",
        "nombre": "Miguel",
        "apellido": "Torres",
        "cedula": 90123456,
        "ingreso": 2021,
        "uc_aprobadas": [
            "S1UC1",
            "S1UC2",
            "S1UC3",
            "S1UC4",
            "S1UC5",
            "S2UC1",
            "S2UC2",
            "S2UC3",
            "S2UC4",
            "S3UC1",
            "S3UC2",
            "S3UC3",
            "S3UC4",
            "S3UC5",
            "S4UC1",
            "S4UC2",
            "S4UC4",
            "S4UC5"
        ],
        "uc_matriculadas": [
            "S5UC1",
            "S5UC2",
            "S5UC3",
            "S5UC4"
        ],
        "uc_pendientes": {
            "examen": {},
            "tutoria": {
                "S5UC2": 0,
                "S5UC3": 0
            },
            "examen_unico": {
                "S5UC1": 0,
                "S5UC4": 0
            },
            "recursar": []
        }
    },
    {
        "codigo_estudiante": "E010",
        "nombre": "Elena",
        "apellido": "Ruiz",
        "cedula": 11234567,
        "ingreso": 2020,
        "uc_aprobadas": [
            "S1UC1",
            "S1UC2",
            "S1UC3",
            "S1UC4",
            "S1UC5",
            "S2UC1",
            "S2UC2",
            "S2UC3",
            "S2UC4",
            "S3UC1",
            "S3UC2",
            "S3UC3",
            "S3UC4",
            "S3UC5",
            "S4UC1",
            "S4UC2",
            "S4UC4",
            "S4UC5",
            "S5UC1",
            "S5UC3",
            "S5UC2",
            "S5UC4",
            "S6UC1",
            "S6UC2",
            "S6UC3",
            "S6UC4"
        ],
        "uc_matriculadas": [
            "S6UC5",
            "S7UC1",
            "S7UC2",
            "S7UC3",
            "S7UC4",
            "S7UC5"
        ],
        "uc_pendientes": {
            "examen": {
                "S6UC5": 0,
                "S7UC1": 0,
                "S7UC2": 0,
                "S7UC5": 0
            },
            "tutoria": {},
            "examen_unico": {
                "S7UC3": 0,
                "S7UC4": 0
            },
            "recursar": []
        }
    },
    {
        "codigo_estudiante": "E011",
        "nombre": "Valentin",
        "apellido": "Ferrando",
        "cedula": 52953201,
        "ingreso": 2022,
        "uc_aprobadas": [
            "S1UC1",
            "S1UC2",
            "S1UC3",
            "S1UC4",
            "S1UC5",
            "S2UC1",
            "S2UC2",
            "S2UC3",
            "S2UC4",
            "S3UC1",
            "S3UC2",
            "S3UC3",
            "S3UC4",
            "S3UC5",
            "S4UC1",
            "S4UC2",
            "S4UC4",
            "S4UC5",
            "S5UC1",
            "S5UC2",
            "S5UC3",
            "S5UC4",
            "S6UC1",
            "S6UC2",
            "S6UC3",
            "S6UC4",
            "S6UC5",
            "S6UC6"
        ],
        "uc_matriculadas": [
            "S7UC2",
            "S7UC5"
        ],
        "uc_pendientes": {
            "examen": {
                "S7UC1": 0
            },
            "tutoria": {},
            "examen_unico": {},
            "recursar": []
        }
    },
    {
        "codigo_estudiante": "E012",
        "nombre": "Sofía",
        "apellido": "de Bérail",
        "cedula": 12223334,
        "ingreso": 2022,
        "uc_aprobadas": [
            "S1UC1",
            "S1UC2",
            "S1UC3",
            "S1UC4",
            "S1UC5",
            "S2UC1",
            "S2UC2",
            "S2UC3",
            "S2UC4",
            "S3UC1",
            "S3UC2",
            "S3UC3",
            "S3UC4",
            "S3UC5",
            "S4UC1",
            "S4UC2",
            "S4UC3",
            "S4UC4",
            "S4UC5",
            "S5UC1",
            "S5UC2",
            "S5UC3",
            "S5UC4",
            "S6UC1",
            "S6UC2",
            "S6UC3",
            "S6UC4",
            "S6UC5",
            "S6UC6"
        ],
        "uc_matriculadas": [
            "S7UC1",
            "S7UC2",
            "S7UC3",
            "S7UC4",
            "S7UC5"
        ],
        "uc_pendientes": {
            "examen": {},
            "tutoria": {},
            "examen_unico": {},
            "recursar": []
        }
    },
    {
        "codigo_estudiante": "E013",
        "nombre": "Samuel",
        "apellido": "Vega",
        "cedula": 47236551,
        "ingreso": 2023,
        "uc_aprobadas": [
            "S1UC1",
            "S1UC2",
            "S1UC3",
            "S1UC4",
            "S1UC5"
        ],
        "uc_matriculadas": [
            "S2UC1",
            "S2UC2",
            "S2UC3",
            "S2UC4"
        ],
        "uc_pendientes": {
            "examen": {},
            "tutoria": {},
            "examen_unico": {},
            "recursar": []
        }
    }
]